[
  {
    "Publisher": "Alfred",
    "Item #": "00-51792",
    "Title": "Groovy Tuesday",
    "Composer": "By Robert Sheldon",
    "Grade": 1,
    "Link": "https://www.alfred.com/groovy-tuesday/p/00-51792/",
    "Retail": 55.0,
    "Discounted": 44.0

  },
  {
    "Publisher": "Alfred",
    "Item #": "00-51790",
    "Title": "Heavy Hitters",
    "Composer": "By Chris M. Bernotas",
    "Grade": 1,
    "Link": "https://www.alfred.com/heavy-hitters/p/00-51790/",
    "Retail": 55.0,
    "Discounted": 44.0
 
  },
  {
    "Publisher": "Alfred",
    "Item #": "00-51791",
    "Title": "Jingle Bell Rock",
    "Composer": "arr. Chris M. Bernotas",
    "Grade": 2,
    "Link": "https://www.alfred.com/jingle-bell-rock/p/00-51791/",
    "Retail": 75.0,
    "Discounted": 60.0

  },
  {
    "Publisher": "Alfred",
    "Item #": "00-51797",
    "Title": "Recharge",
    "Composer": "By Adrian B. Sims",
    "Grade": 0.5,
    "Link": "https://www.alfred.com/recharge/p/00-51797/",
    "Retail": 50.0,
    "Discounted": 40.0

  },
  {
    "Publisher": "Alfred",
    "Item #": "00-51799",
    "Title": "Castle Bartizan",
    "Composer": "By Sarah Siegler",
    "Grade": 1,
    "Link": "https://www.alfred.com/castle-bartizan/p/00-51799/",
    "Retail": 60.0,
    "Discounted": 48.0
  },
  {
    "Publisher": "Alfred",
    "Item #": "00-51802",
    "Title": "School of Swing",
    "Composer": "By Amy Webb",
    "Grade": 1.5,
    "Link": "https://www.alfred.com/school-of-swing/p/00-51802/",
    "Retail": 60.0,
    "Discounted": 48.0
  },
  {
    "Publisher": "Belwin",
    "Item #": "00-51828",
    "Title": "Red River Valley",
    "Composer": "Folk Song / arr. Michael Kamuf",
    "Grade": 1,
    "Link": "https://www.alfred.com/red-river-valley/p/00-51828/",
    "Retail": 55.0,
    "Discounted": 44.0
  },
  {
    "Publisher": "Belwin",
    "Item #": "00-51835",
    "Title": "Perspectives",
    "Composer": "By Michael Kamuf",
    "Grade": 2,
    "Link": "https://www.alfred.com/perspectives/p/00-51835/",
    "Retail": 70.0,
    "Discounted": 56.0
  },
  {
    "Publisher": "Belwin",
    "Item #": "00-51841",
    "Title": "Tock",
    "Composer": "By JaRod Hall",
    "Grade": 2,
    "Link": "https://www.alfred.com/tock/p/00-51841/",
    "Retail": 70.0,
    "Discounted": 56.0
  },
  {
    "Publisher": "Belwin",
    "Item #": "00-51843",
    "Title": "Solidarity!",
    "Composer": "By William Owens",
    "Grade": 2.5,
    "Link": "https://www.alfred.com/solidarity/p/00-51843/",
    "Retail": 70.0,
    "Discounted": 56.0
  },
  {
    "Publisher": "Belwin",
    "Item #": "00-51864",
    "Title": "Espresso",
    "Composer": "arr. Chris M. Bernotas",
    "Grade": 2,
    "Link": "https://www.alfred.com/espresso/p/00-51864/",
    "Retail": 70.0,
    "Discounted": 56.0
  },
  {
    "Publisher": "Belwin",
    "Item #": "00-51861",
    "Title": "From the Start",
    "Composer": "arr. Michael Kamuf",
    "Grade": 2.5,
    "Link": "https://www.alfred.com/from-the-start/p/00-51861/",
    "Retail": 75.0,
    "Discounted": 60.0
  },
  {
    "Publisher": "MMP",
    "Item #": "00-51954",
    "Title": "Creepy-Crawly Creatures",
    "Composer": "By Brian Balmages",
    "Grade": "0.5-1 FPB",
    "Link": "https://www.alfred.com/creepy-crawly-creatures/p/00-51954/",
    "Retail": 50.0,
    "Discounted": 40.0
  },
  {
    "Publisher": "MMP",
    "Item #": "00-51942",
    "Title": "Ninja Squad",
    "Composer": "By Eddie Jim\u00e9nez",
    "Grade": 1.5,
    "Link": "https://www.alfred.com/ninja-squad/p/00-51942/",
    "Retail": 55.0,
    "Discounted": 44.0
  },
  {
    "Publisher": "MMP",
    "Item #": "00-51932",
    "Title": "Danza Zanzare",
    "Composer": "By JaRod Hall",
    "Grade": 2,
    "Link": "https://www.alfred.com/danza-zanzare/p/00-51932/",
    "Retail": 70.0,
    "Discounted": 56.0
  },
  {
    "Publisher": "MMP",
    "Item #": "00-51069",
    "Title": "March of the Centurions",
    "Composer": "By Brian Balmages",
    "Grade": 2.5,
    "Link": "https://www.alfred.com/march-of-the-centurions/p/00-51069/",
    "Retail": 75.0,
    "Discounted": 60.0
  },
  {
    "Publisher": "MMP",
    "Item #": "00-51943",
    "Title": "Rising from the Earth",
    "Composer": "By Adrian B. Sims",
    "Grade": 3,
    "Link": "https://www.alfred.com/rising-from-the-earth/p/00-51943/",
    "Retail": 85.0,
    "Discounted": 68.0
  }
]